<?xml version="1.0" encoding="UTF-8"?>
<texmakertags title="Asymptote">
<section title="General (Asymptote)">
<item txt="\\begin{asy} \\end{asy}" tag="\\begin{asy}\n\n\\end{asy}" dx="0" dy="1" type="0"/>
<item txt="\\begin{asydef} \\end{asydef}" tag="\\begin{asydef}\n\n\\end{asydef}" dx="0" dy="1" type="0"/>
<item txt="" tag="usepackage();" dx="11" dy="0" type="0"/>
<item txt="" tag="texpreamble();" dx="12" dy="0" type="0"/>
<item txt="" tag="import ;" dx="7" dy="0" type="0"/>
</section>
<section title="Draw  (Asymptote)">
<item txt="" tag="draw();" dx="5" dy="0" type="0"/>
<item txt="" tag="fill();" dx="5" dy="0" type="0"/>
<item txt="" tag="clip();" dx="5" dy="0" type="0"/>
<item txt="" tag="label();" dx="6" dy="0" type="0"/>
<item txt="" tag="dot();" dx="4" dy="0" type="0"/>
</section>
<section title="Type  (Asymptote)">
<item txt="" tag="Braid " dx="0" dy="0" type="0"/>
<item txt="" tag="FitResult " dx="0" dy="0" type="0"/>
<item txt="" tag="Label " dx="0" dy="0" type="0"/>
<item txt="" tag="Legend " dx="0" dy="0" type="0"/>
<item txt="" tag="Segment " dx="0" dy="0" type="0"/>
<item txt="" tag="Solution " dx="0" dy="0" type="0"/>
<item txt="" tag="TreeNode " dx="0" dy="0" type="0"/>
<item txt="" tag="abscissa " dx="0" dy="0" type="0"/>
<item txt="" tag="arc " dx="0" dy="0" type="0"/>
<item txt="" tag="arrowhead " dx="0" dy="0" type="0"/>
<item txt="" tag="binarytree " dx="0" dy="0" type="0"/>
<item txt="" tag="binarytreeNode " dx="0" dy="0" type="0"/>
<item txt="" tag="block " dx="0" dy="0" type="0"/>
<item txt="" tag="bool " dx="0" dy="0" type="0"/>
<item txt="" tag="bool3 " dx="0" dy="0" type="0"/>
<item txt="" tag="bounds " dx="0" dy="0" type="0"/>
<item txt="" tag="bqe " dx="0" dy="0" type="0"/>
<item txt="" tag="circle " dx="0" dy="0" type="0"/>
<item txt="" tag="conic " dx="0" dy="0" type="0"/>
<item txt="" tag="coord " dx="0" dy="0" type="0"/>
<item txt="" tag="coordsys " dx="0" dy="0" type="0"/>
<item txt="" tag="cputime " dx="0" dy="0" type="0"/>
<item txt="" tag="ellipse " dx="0" dy="0" type="0"/>
<item txt="" tag="file " dx="0" dy="0" type="0"/>
<item txt="" tag="filltype " dx="0" dy="0" type="0"/>
<item txt="" tag="frame " dx="0" dy="0" type="0"/>
<item txt="" tag="grid3 " dx="0" dy="0" type="0"/>
<item txt="" tag="guide " dx="0" dy="0" type="0"/>
<item txt="" tag="horner " dx="0" dy="0" type="0"/>
<item txt="" tag="hsv " dx="0" dy="0" type="0"/>
<item txt="" tag="hyperbola " dx="0" dy="0" type="0"/>
<item txt="" tag="indexedTransform " dx="0" dy="0" type="0"/>
<item txt="" tag="int " dx="0" dy="0" type="0"/>
<item txt="" tag="inversion " dx="0" dy="0" type="0"/>
<item txt="" tag="key " dx="0" dy="0" type="0"/>
<item txt="" tag="light " dx="0" dy="0" type="0"/>
<item txt="" tag="line " dx="0" dy="0" type="0"/>
<item txt="" tag="linefit " dx="0" dy="0" type="0"/>
<item txt="" tag="marginT " dx="0" dy="0" type="0"/>
<item txt="" tag="marker " dx="0" dy="0" type="0"/>
<item txt="" tag="mass " dx="0" dy="0" type="0"/>
<item txt="" tag="object " dx="0" dy="0" type="0"/>
<item txt="" tag="pair " dx="0" dy="0" type="0"/>
<item txt="" tag="parabola " dx="0" dy="0" type="0"/>
<item txt="" tag="path " dx="0" dy="0" type="0"/>
<item txt="" tag="path3 " dx="0" dy="0" type="0"/>
<item txt="" tag="pen " dx="0" dy="0" type="0"/>
<item txt="" tag="picture " dx="0" dy="0" type="0"/>
<item txt="" tag="point " dx="0" dy="0" type="0"/>
<item txt="" tag="position " dx="0" dy="0" type="0"/>
<item txt="" tag="projection " dx="0" dy="0" type="0"/>
<item txt="" tag="real " dx="0" dy="0" type="0"/>
<item txt="" tag="revolution " dx="0" dy="0" type="0"/>
<item txt="" tag="scaleT " dx="0" dy="0" type="0"/>
<item txt="" tag="scientific " dx="0" dy="0" type="0"/>
<item txt="" tag="segment " dx="0" dy="0" type="0"/>
<item txt="" tag="side " dx="0" dy="0" type="0"/>
<item txt="" tag="slice " dx="0" dy="0" type="0"/>
<item txt="" tag="solution " dx="0" dy="0" type="0"/>
<item txt="" tag="splitface " dx="0" dy="0" type="0"/>
<item txt="" tag="string " dx="0" dy="0" type="0"/>
<item txt="" tag="surface " dx="0" dy="0" type="0"/>
<item txt="" tag="tensionSpecifier " dx="0" dy="0" type="0"/>
<item txt="" tag="ticklocate " dx="0" dy="0" type="0"/>
<item txt="" tag="ticksgridT " dx="0" dy="0" type="0"/>
<item txt="" tag="tickvalues " dx="0" dy="0" type="0"/>
<item txt="" tag="transform " dx="0" dy="0" type="0"/>
<item txt="" tag="transformation " dx="0" dy="0" type="0"/>
<item txt="" tag="tree " dx="0" dy="0" type="0"/>
<item txt="" tag="triangle " dx="0" dy="0" type="0"/>
<item txt="" tag="trilinear " dx="0" dy="0" type="0"/>
<item txt="" tag="triple " dx="0" dy="0" type="0"/>
<item txt="" tag="vector " dx="0" dy="0" type="0"/>
<item txt="" tag="vertex " dx="0" dy="0" type="0"/>
<item txt="" tag="void " dx="0" dy="0" type="0"/>
</section>
<section title="Functions  (Asymptote)">
<item txt="" tag="AND " dx="0" dy="0" type="0"/>
<item txt="" tag="Arc " dx="0" dy="0" type="0"/>
<item txt="" tag="ArcArrow " dx="0" dy="0" type="0"/>
<item txt="" tag="ArcArrows " dx="0" dy="0" type="0"/>
<item txt="" tag="Arrow " dx="0" dy="0" type="0"/>
<item txt="" tag="Arrows " dx="0" dy="0" type="0"/>
<item txt="" tag="Automatic " dx="0" dy="0" type="0"/>
<item txt="" tag="AvantGarde " dx="0" dy="0" type="0"/>
<item txt="" tag="BBox " dx="0" dy="0" type="0"/>
<item txt="" tag="BWRainbow " dx="0" dy="0" type="0"/>
<item txt="" tag="BWRainbow2 " dx="0" dy="0" type="0"/>
<item txt="" tag="Bar " dx="0" dy="0" type="0"/>
<item txt="" tag="Bars " dx="0" dy="0" type="0"/>
<item txt="" tag="BeginArcArrow " dx="0" dy="0" type="0"/>
<item txt="" tag="BeginArrow " dx="0" dy="0" type="0"/>
<item txt="" tag="BeginBar " dx="0" dy="0" type="0"/>
<item txt="" tag="BeginDotMargin " dx="0" dy="0" type="0"/>
<item txt="" tag="BeginMargin " dx="0" dy="0" type="0"/>
<item txt="" tag="BeginPenMargin " dx="0" dy="0" type="0"/>
<item txt="" tag="Blank " dx="0" dy="0" type="0"/>
<item txt="" tag="Bookman " dx="0" dy="0" type="0"/>
<item txt="" tag="Bottom " dx="0" dy="0" type="0"/>
<item txt="" tag="BottomTop " dx="0" dy="0" type="0"/>
<item txt="" tag="Bounds " dx="0" dy="0" type="0"/>
<item txt="" tag="Break " dx="0" dy="0" type="0"/>
<item txt="" tag="Broken " dx="0" dy="0" type="0"/>
<item txt="" tag="BrokenLog " dx="0" dy="0" type="0"/>
<item txt="" tag="CLZ " dx="0" dy="0" type="0"/>
<item txt="" tag="CTZ " dx="0" dy="0" type="0"/>
<item txt="" tag="Ceil " dx="0" dy="0" type="0"/>
<item txt="" tag="Circle " dx="0" dy="0" type="0"/>
<item txt="" tag="CircleBarIntervalMarker " dx="0" dy="0" type="0"/>
<item txt="" tag="Cos " dx="0" dy="0" type="0"/>
<item txt="" tag="Courier " dx="0" dy="0" type="0"/>
<item txt="" tag="CrossIntervalMarker " dx="0" dy="0" type="0"/>
<item txt="" tag="DOSendl " dx="0" dy="0" type="0"/>
<item txt="" tag="DOSnewl " dx="0" dy="0" type="0"/>
<item txt="" tag="DefaultFormat " dx="0" dy="0" type="0"/>
<item txt="" tag="DefaultLogFormat " dx="0" dy="0" type="0"/>
<item txt="" tag="Degrees " dx="0" dy="0" type="0"/>
<item txt="" tag="Dir " dx="0" dy="0" type="0"/>
<item txt="" tag="DotMargin " dx="0" dy="0" type="0"/>
<item txt="" tag="DotMargins " dx="0" dy="0" type="0"/>
<item txt="" tag="Dotted " dx="0" dy="0" type="0"/>
<item txt="" tag="Draw " dx="0" dy="0" type="0"/>
<item txt="" tag="Drawline " dx="0" dy="0" type="0"/>
<item txt="" tag="Embed " dx="0" dy="0" type="0"/>
<item txt="" tag="EndArcArrow " dx="0" dy="0" type="0"/>
<item txt="" tag="EndArrow " dx="0" dy="0" type="0"/>
<item txt="" tag="EndBar " dx="0" dy="0" type="0"/>
<item txt="" tag="EndDotMargin " dx="0" dy="0" type="0"/>
<item txt="" tag="EndMargin " dx="0" dy="0" type="0"/>
<item txt="" tag="EndPenMargin " dx="0" dy="0" type="0"/>
<item txt="" tag="Fill " dx="0" dy="0" type="0"/>
<item txt="" tag="FillDraw " dx="0" dy="0" type="0"/>
<item txt="" tag="Floor " dx="0" dy="0" type="0"/>
<item txt="" tag="Format " dx="0" dy="0" type="0"/>
<item txt="" tag="Full " dx="0" dy="0" type="0"/>
<item txt="" tag="Gaussian " dx="0" dy="0" type="0"/>
<item txt="" tag="Gaussrand " dx="0" dy="0" type="0"/>
<item txt="" tag="Gaussrandpair " dx="0" dy="0" type="0"/>
<item txt="" tag="Gradient " dx="0" dy="0" type="0"/>
<item txt="" tag="Grayscale " dx="0" dy="0" type="0"/>
<item txt="" tag="Helvetica " dx="0" dy="0" type="0"/>
<item txt="" tag="Hermite " dx="0" dy="0" type="0"/>
<item txt="" tag="HookHead " dx="0" dy="0" type="0"/>
<item txt="" tag="InOutTicks " dx="0" dy="0" type="0"/>
<item txt="" tag="InTicks " dx="0" dy="0" type="0"/>
<item txt="" tag="Jn " dx="0" dy="0" type="0"/>
<item txt="" tag="Label " dx="0" dy="0" type="0"/>
<item txt="" tag="Landscape " dx="0" dy="0" type="0"/>
<item txt="" tag="Left " dx="0" dy="0" type="0"/>
<item txt="" tag="LeftRight " dx="0" dy="0" type="0"/>
<item txt="" tag="LeftTicks " dx="0" dy="0" type="0"/>
<item txt="" tag="Legend " dx="0" dy="0" type="0"/>
<item txt="" tag="Linear " dx="0" dy="0" type="0"/>
<item txt="" tag="Link " dx="0" dy="0" type="0"/>
<item txt="" tag="Log " dx="0" dy="0" type="0"/>
<item txt="" tag="LogFormat " dx="0" dy="0" type="0"/>
<item txt="" tag="Margin " dx="0" dy="0" type="0"/>
<item txt="" tag="Margins " dx="0" dy="0" type="0"/>
<item txt="" tag="Mark " dx="0" dy="0" type="0"/>
<item txt="" tag="MidArcArrow " dx="0" dy="0" type="0"/>
<item txt="" tag="MidArrow " dx="0" dy="0" type="0"/>
<item txt="" tag="NOT " dx="0" dy="0" type="0"/>
<item txt="" tag="NewCenturySchoolBook " dx="0" dy="0" type="0"/>
<item txt="" tag="NoBox " dx="0" dy="0" type="0"/>
<item txt="" tag="NoMargin " dx="0" dy="0" type="0"/>
<item txt="" tag="NoModifier " dx="0" dy="0" type="0"/>
<item txt="" tag="NoTicks " dx="0" dy="0" type="0"/>
<item txt="" tag="NoTicks3 " dx="0" dy="0" type="0"/>
<item txt="" tag="NoZero " dx="0" dy="0" type="0"/>
<item txt="" tag="NoZeroFormat " dx="0" dy="0" type="0"/>
<item txt="" tag="None " dx="0" dy="0" type="0"/>
<item txt="" tag="OR " dx="0" dy="0" type="0"/>
<item txt="" tag="OmitFormat " dx="0" dy="0" type="0"/>
<item txt="" tag="OmitTick " dx="0" dy="0" type="0"/>
<item txt="" tag="OmitTickInterval " dx="0" dy="0" type="0"/>
<item txt="" tag="OmitTickIntervals " dx="0" dy="0" type="0"/>
<item txt="" tag="OutTicks " dx="0" dy="0" type="0"/>
<item txt="" tag="Ox " dx="0" dy="0" type="0"/>
<item txt="" tag="Oy " dx="0" dy="0" type="0"/>
<item txt="" tag="Palatino " dx="0" dy="0" type="0"/>
<item txt="" tag="PaletteTicks " dx="0" dy="0" type="0"/>
<item txt="" tag="Pen " dx="0" dy="0" type="0"/>
<item txt="" tag="PenMargin " dx="0" dy="0" type="0"/>
<item txt="" tag="PenMargins " dx="0" dy="0" type="0"/>
<item txt="" tag="Pentype " dx="0" dy="0" type="0"/>
<item txt="" tag="Portrait " dx="0" dy="0" type="0"/>
<item txt="" tag="RadialShade " dx="0" dy="0" type="0"/>
<item txt="" tag="RadialShadeDraw " dx="0" dy="0" type="0"/>
<item txt="" tag="Rainbow " dx="0" dy="0" type="0"/>
<item txt="" tag="Range " dx="0" dy="0" type="0"/>
<item txt="" tag="Relative " dx="0" dy="0" type="0"/>
<item txt="" tag="Right " dx="0" dy="0" type="0"/>
<item txt="" tag="RightTicks " dx="0" dy="0" type="0"/>
<item txt="" tag="Rotate " dx="0" dy="0" type="0"/>
<item txt="" tag="Round " dx="0" dy="0" type="0"/>
<item txt="" tag="SQR " dx="0" dy="0" type="0"/>
<item txt="" tag="Scale " dx="0" dy="0" type="0"/>
<item txt="" tag="ScaleX " dx="0" dy="0" type="0"/>
<item txt="" tag="ScaleY " dx="0" dy="0" type="0"/>
<item txt="" tag="ScaleZ " dx="0" dy="0" type="0"/>
<item txt="" tag="Seascape " dx="0" dy="0" type="0"/>
<item txt="" tag="Segment " dx="0" dy="0" type="0"/>
<item txt="" tag="Shift " dx="0" dy="0" type="0"/>
<item txt="" tag="Sin " dx="0" dy="0" type="0"/>
<item txt="" tag="Slant " dx="0" dy="0" type="0"/>
<item txt="" tag="Spline " dx="0" dy="0" type="0"/>
<item txt="" tag="StickIntervalMarker " dx="0" dy="0" type="0"/>
<item txt="" tag="Straight " dx="0" dy="0" type="0"/>
<item txt="" tag="Symbol " dx="0" dy="0" type="0"/>
<item txt="" tag="Tan " dx="0" dy="0" type="0"/>
<item txt="" tag="TeXify " dx="0" dy="0" type="0"/>
<item txt="" tag="Ticks " dx="0" dy="0" type="0"/>
<item txt="" tag="Ticks3 " dx="0" dy="0" type="0"/>
<item txt="" tag="TildeIntervalMarker " dx="0" dy="0" type="0"/>
<item txt="" tag="TimesRoman " dx="0" dy="0" type="0"/>
<item txt="" tag="Top " dx="0" dy="0" type="0"/>
<item txt="" tag="TrueMargin " dx="0" dy="0" type="0"/>
<item txt="" tag="UnFill " dx="0" dy="0" type="0"/>
<item txt="" tag="UpsideDown " dx="0" dy="0" type="0"/>
<item txt="" tag="Wheel " dx="0" dy="0" type="0"/>
<item txt="" tag="X " dx="0" dy="0" type="0"/>
<item txt="" tag="XEquals " dx="0" dy="0" type="0"/>
<item txt="" tag="XOR " dx="0" dy="0" type="0"/>
<item txt="" tag="XY " dx="0" dy="0" type="0"/>
<item txt="" tag="XYEquals " dx="0" dy="0" type="0"/>
<item txt="" tag="XYZero " dx="0" dy="0" type="0"/>
<item txt="" tag="XYgrid " dx="0" dy="0" type="0"/>
<item txt="" tag="XZEquals " dx="0" dy="0" type="0"/>
<item txt="" tag="XZZero " dx="0" dy="0" type="0"/>
<item txt="" tag="XZero " dx="0" dy="0" type="0"/>
<item txt="" tag="XZgrid " dx="0" dy="0" type="0"/>
<item txt="" tag="Y " dx="0" dy="0" type="0"/>
<item txt="" tag="YEquals " dx="0" dy="0" type="0"/>
<item txt="" tag="YXgrid " dx="0" dy="0" type="0"/>
<item txt="" tag="YZ " dx="0" dy="0" type="0"/>
<item txt="" tag="YZEquals " dx="0" dy="0" type="0"/>
<item txt="" tag="YZZero " dx="0" dy="0" type="0"/>
<item txt="" tag="YZero " dx="0" dy="0" type="0"/>
<item txt="" tag="YZgrid " dx="0" dy="0" type="0"/>
<item txt="" tag="Yn " dx="0" dy="0" type="0"/>
<item txt="" tag="Z " dx="0" dy="0" type="0"/>
<item txt="" tag="ZX " dx="0" dy="0" type="0"/>
<item txt="" tag="ZXgrid " dx="0" dy="0" type="0"/>
<item txt="" tag="ZYgrid " dx="0" dy="0" type="0"/>
<item txt="" tag="ZapfChancery " dx="0" dy="0" type="0"/>
<item txt="" tag="ZapfDingbats " dx="0" dy="0" type="0"/>
<item txt="" tag="_begingroup3 " dx="0" dy="0" type="0"/>
<item txt="" tag="_cputime " dx="0" dy="0" type="0"/>
<item txt="" tag="_draw " dx="0" dy="0" type="0"/>
<item txt="" tag="_eval " dx="0" dy="0" type="0"/>
<item txt="" tag="_image " dx="0" dy="0" type="0"/>
<item txt="" tag="_labelpath " dx="0" dy="0" type="0"/>
<item txt="" tag="_projection " dx="0" dy="0" type="0"/>
<item txt="" tag="_strokepath " dx="0" dy="0" type="0"/>
<item txt="" tag="_texpath " dx="0" dy="0" type="0"/>
<item txt="" tag="aCos " dx="0" dy="0" type="0"/>
<item txt="" tag="aSin " dx="0" dy="0" type="0"/>
<item txt="" tag="aTan " dx="0" dy="0" type="0"/>
<item txt="" tag="abort " dx="0" dy="0" type="0"/>
<item txt="" tag="abs " dx="0" dy="0" type="0"/>
<item txt="" tag="accel " dx="0" dy="0" type="0"/>
<item txt="" tag="acos " dx="0" dy="0" type="0"/>
<item txt="" tag="acosh " dx="0" dy="0" type="0"/>
<item txt="" tag="acot " dx="0" dy="0" type="0"/>
<item txt="" tag="acsc " dx="0" dy="0" type="0"/>
<item txt="" tag="activatequote " dx="0" dy="0" type="0"/>
<item txt="" tag="add " dx="0" dy="0" type="0"/>
<item txt="" tag="addArrow " dx="0" dy="0" type="0"/>
<item txt="" tag="addMargins " dx="0" dy="0" type="0"/>
<item txt="" tag="addSaveFunction " dx="0" dy="0" type="0"/>
<item txt="" tag="addpenarc " dx="0" dy="0" type="0"/>
<item txt="" tag="addpenline " dx="0" dy="0" type="0"/>
<item txt="" tag="adjust " dx="0" dy="0" type="0"/>
<item txt="" tag="alias " dx="0" dy="0" type="0"/>
<item txt="" tag="align " dx="0" dy="0" type="0"/>
<item txt="" tag="all " dx="0" dy="0" type="0"/>
<item txt="" tag="altitude " dx="0" dy="0" type="0"/>
<item txt="" tag="angabscissa " dx="0" dy="0" type="0"/>
<item txt="" tag="angle " dx="0" dy="0" type="0"/>
<item txt="" tag="angpoint " dx="0" dy="0" type="0"/>
<item txt="" tag="animate " dx="0" dy="0" type="0"/>
<item txt="" tag="annotate " dx="0" dy="0" type="0"/>
<item txt="" tag="anticomplementary " dx="0" dy="0" type="0"/>
<item txt="" tag="antipedal " dx="0" dy="0" type="0"/>
<item txt="" tag="apply " dx="0" dy="0" type="0"/>
<item txt="" tag="approximate " dx="0" dy="0" type="0"/>
<item txt="" tag="arc " dx="0" dy="0" type="0"/>
<item txt="" tag="arcarrowsize " dx="0" dy="0" type="0"/>
<item txt="" tag="arccircle " dx="0" dy="0" type="0"/>
<item txt="" tag="arcdir " dx="0" dy="0" type="0"/>
<item txt="" tag="arcfromcenter " dx="0" dy="0" type="0"/>
<item txt="" tag="arcfromfocus " dx="0" dy="0" type="0"/>
<item txt="" tag="arclength " dx="0" dy="0" type="0"/>
<item txt="" tag="arcnodesnumber " dx="0" dy="0" type="0"/>
<item txt="" tag="arcpoint " dx="0" dy="0" type="0"/>
<item txt="" tag="arcsubtended " dx="0" dy="0" type="0"/>
<item txt="" tag="arcsubtendedcenter " dx="0" dy="0" type="0"/>
<item txt="" tag="arctime " dx="0" dy="0" type="0"/>
<item txt="" tag="arctopath " dx="0" dy="0" type="0"/>
<item txt="" tag="array " dx="0" dy="0" type="0"/>
<item txt="" tag="arrow " dx="0" dy="0" type="0"/>
<item txt="" tag="arrow2 " dx="0" dy="0" type="0"/>
<item txt="" tag="arrowbase " dx="0" dy="0" type="0"/>
<item txt="" tag="arrowbasepoints " dx="0" dy="0" type="0"/>
<item txt="" tag="arrowsize " dx="0" dy="0" type="0"/>
<item txt="" tag="asec " dx="0" dy="0" type="0"/>
<item txt="" tag="asin " dx="0" dy="0" type="0"/>
<item txt="" tag="asinh " dx="0" dy="0" type="0"/>
<item txt="" tag="ask " dx="0" dy="0" type="0"/>
<item txt="" tag="assert " dx="0" dy="0" type="0"/>
<item txt="" tag="asy " dx="0" dy="0" type="0"/>
<item txt="" tag="asycode " dx="0" dy="0" type="0"/>
<item txt="" tag="asydir " dx="0" dy="0" type="0"/>
<item txt="" tag="asyfigure " dx="0" dy="0" type="0"/>
<item txt="" tag="asyfilecode " dx="0" dy="0" type="0"/>
<item txt="" tag="asyinclude " dx="0" dy="0" type="0"/>
<item txt="" tag="asywrite " dx="0" dy="0" type="0"/>
<item txt="" tag="atan " dx="0" dy="0" type="0"/>
<item txt="" tag="atan2 " dx="0" dy="0" type="0"/>
<item txt="" tag="atanh " dx="0" dy="0" type="0"/>
<item txt="" tag="atbreakpoint " dx="0" dy="0" type="0"/>
<item txt="" tag="atexit " dx="0" dy="0" type="0"/>
<item txt="" tag="attach " dx="0" dy="0" type="0"/>
<item txt="" tag="attract " dx="0" dy="0" type="0"/>
<item txt="" tag="atupdate " dx="0" dy="0" type="0"/>
<item txt="" tag="autoformat " dx="0" dy="0" type="0"/>
<item txt="" tag="autoscale " dx="0" dy="0" type="0"/>
<item txt="" tag="autoscale3 " dx="0" dy="0" type="0"/>
<item txt="" tag="axes " dx="0" dy="0" type="0"/>
<item txt="" tag="axes3 " dx="0" dy="0" type="0"/>
<item txt="" tag="axialshade " dx="0" dy="0" type="0"/>
<item txt="" tag="axis " dx="0" dy="0" type="0"/>
<item txt="" tag="axiscoverage " dx="0" dy="0" type="0"/>
<item txt="" tag="azimuth " dx="0" dy="0" type="0"/>
<item txt="" tag="babel " dx="0" dy="0" type="0"/>
<item txt="" tag="background " dx="0" dy="0" type="0"/>
<item txt="" tag="bangles " dx="0" dy="0" type="0"/>
<item txt="" tag="bar " dx="0" dy="0" type="0"/>
<item txt="" tag="barmarksize " dx="0" dy="0" type="0"/>
<item txt="" tag="barsize " dx="0" dy="0" type="0"/>
<item txt="" tag="basealign " dx="0" dy="0" type="0"/>
<item txt="" tag="baseline " dx="0" dy="0" type="0"/>
<item txt="" tag="bbox " dx="0" dy="0" type="0"/>
<item txt="" tag="beep " dx="0" dy="0" type="0"/>
<item txt="" tag="begin " dx="0" dy="0" type="0"/>
<item txt="" tag="beginclip " dx="0" dy="0" type="0"/>
<item txt="" tag="begingroup " dx="0" dy="0" type="0"/>
<item txt="" tag="beginpoint " dx="0" dy="0" type="0"/>
<item txt="" tag="between " dx="0" dy="0" type="0"/>
<item txt="" tag="bevel " dx="0" dy="0" type="0"/>
<item txt="" tag="bezier " dx="0" dy="0" type="0"/>
<item txt="" tag="bezierP " dx="0" dy="0" type="0"/>
<item txt="" tag="bezierPP " dx="0" dy="0" type="0"/>
<item txt="" tag="bezierPPP " dx="0" dy="0" type="0"/>
<item txt="" tag="bezulate " dx="0" dy="0" type="0"/>
<item txt="" tag="bibliography " dx="0" dy="0" type="0"/>
<item txt="" tag="bibliographystyle " dx="0" dy="0" type="0"/>
<item txt="" tag="binarytree " dx="0" dy="0" type="0"/>
<item txt="" tag="binarytreeNode " dx="0" dy="0" type="0"/>
<item txt="" tag="binomial " dx="0" dy="0" type="0"/>
<item txt="" tag="binput " dx="0" dy="0" type="0"/>
<item txt="" tag="bins " dx="0" dy="0" type="0"/>
<item txt="" tag="bisector " dx="0" dy="0" type="0"/>
<item txt="" tag="bisectorpoint " dx="0" dy="0" type="0"/>
<item txt="" tag="bispline " dx="0" dy="0" type="0"/>
<item txt="" tag="blend " dx="0" dy="0" type="0"/>
<item txt="" tag="blockconnector " dx="0" dy="0" type="0"/>
<item txt="" tag="boutput " dx="0" dy="0" type="0"/>
<item txt="" tag="box " dx="0" dy="0" type="0"/>
<item txt="" tag="bqe " dx="0" dy="0" type="0"/>
<item txt="" tag="breakpoint " dx="0" dy="0" type="0"/>
<item txt="" tag="breakpoints " dx="0" dy="0" type="0"/>
<item txt="" tag="brick " dx="0" dy="0" type="0"/>
<item txt="" tag="buildRestoreDefaults " dx="0" dy="0" type="0"/>
<item txt="" tag="buildRestoreThunk " dx="0" dy="0" type="0"/>
<item txt="" tag="buildcycle " dx="0" dy="0" type="0"/>
<item txt="" tag="bulletcolor " dx="0" dy="0" type="0"/>
<item txt="" tag="byte " dx="0" dy="0" type="0"/>
<item txt="" tag="calculateScaling " dx="0" dy="0" type="0"/>
<item txt="" tag="canonical " dx="0" dy="0" type="0"/>
<item txt="" tag="canonicalcartesiansystem " dx="0" dy="0" type="0"/>
<item txt="" tag="cartesiansystem " dx="0" dy="0" type="0"/>
<item txt="" tag="case1 " dx="0" dy="0" type="0"/>
<item txt="" tag="case2 " dx="0" dy="0" type="0"/>
<item txt="" tag="case3 " dx="0" dy="0" type="0"/>
<item txt="" tag="case4 " dx="0" dy="0" type="0"/>
<item txt="" tag="cbrt " dx="0" dy="0" type="0"/>
<item txt="" tag="cd " dx="0" dy="0" type="0"/>
<item txt="" tag="ceil " dx="0" dy="0" type="0"/>
<item txt="" tag="center " dx="0" dy="0" type="0"/>
<item txt="" tag="centerToFocus " dx="0" dy="0" type="0"/>
<item txt="" tag="centroid " dx="0" dy="0" type="0"/>
<item txt="" tag="cevian " dx="0" dy="0" type="0"/>
<item txt="" tag="change2 " dx="0" dy="0" type="0"/>
<item txt="" tag="changecoordsys " dx="0" dy="0" type="0"/>
<item txt="" tag="checkSegment " dx="0" dy="0" type="0"/>
<item txt="" tag="checkconditionlength " dx="0" dy="0" type="0"/>
<item txt="" tag="checker " dx="0" dy="0" type="0"/>
<item txt="" tag="checkincreasing " dx="0" dy="0" type="0"/>
<item txt="" tag="checklengths " dx="0" dy="0" type="0"/>
<item txt="" tag="checkposition " dx="0" dy="0" type="0"/>
<item txt="" tag="checktriangle " dx="0" dy="0" type="0"/>
<item txt="" tag="choose " dx="0" dy="0" type="0"/>
<item txt="" tag="circle " dx="0" dy="0" type="0"/>
<item txt="" tag="circlebarframe " dx="0" dy="0" type="0"/>
<item txt="" tag="circlemarkradius " dx="0" dy="0" type="0"/>
<item txt="" tag="circlenodesnumber " dx="0" dy="0" type="0"/>
<item txt="" tag="circumcenter " dx="0" dy="0" type="0"/>
<item txt="" tag="circumcircle " dx="0" dy="0" type="0"/>
<item txt="" tag="clamped " dx="0" dy="0" type="0"/>
<item txt="" tag="clear " dx="0" dy="0" type="0"/>
<item txt="" tag="clip " dx="0" dy="0" type="0"/>
<item txt="" tag="clipdraw " dx="0" dy="0" type="0"/>
<item txt="" tag="close " dx="0" dy="0" type="0"/>
<item txt="" tag="cmyk " dx="0" dy="0" type="0"/>
<item txt="" tag="code " dx="0" dy="0" type="0"/>
<item txt="" tag="colatitude " dx="0" dy="0" type="0"/>
<item txt="" tag="collect " dx="0" dy="0" type="0"/>
<item txt="" tag="collinear " dx="0" dy="0" type="0"/>
<item txt="" tag="color " dx="0" dy="0" type="0"/>
<item txt="" tag="colorless " dx="0" dy="0" type="0"/>
<item txt="" tag="colors " dx="0" dy="0" type="0"/>
<item txt="" tag="colorspace " dx="0" dy="0" type="0"/>
<item txt="" tag="comma " dx="0" dy="0" type="0"/>
<item txt="" tag="compassmark " dx="0" dy="0" type="0"/>
<item txt="" tag="complement " dx="0" dy="0" type="0"/>
<item txt="" tag="complementary " dx="0" dy="0" type="0"/>
<item txt="" tag="concat " dx="0" dy="0" type="0"/>
<item txt="" tag="concurrent " dx="0" dy="0" type="0"/>
<item txt="" tag="cone " dx="0" dy="0" type="0"/>
<item txt="" tag="conic " dx="0" dy="0" type="0"/>
<item txt="" tag="conicnodesnumber " dx="0" dy="0" type="0"/>
<item txt="" tag="conictype " dx="0" dy="0" type="0"/>
<item txt="" tag="conj " dx="0" dy="0" type="0"/>
<item txt="" tag="connect " dx="0" dy="0" type="0"/>
<item txt="" tag="connected " dx="0" dy="0" type="0"/>
<item txt="" tag="connectedindex " dx="0" dy="0" type="0"/>
<item txt="" tag="containmentTree " dx="0" dy="0" type="0"/>
<item txt="" tag="contains " dx="0" dy="0" type="0"/>
<item txt="" tag="contour " dx="0" dy="0" type="0"/>
<item txt="" tag="contour3 " dx="0" dy="0" type="0"/>
<item txt="" tag="contouredges " dx="0" dy="0" type="0"/>
<item txt="" tag="controlSpecifier " dx="0" dy="0" type="0"/>
<item txt="" tag="convert " dx="0" dy="0" type="0"/>
<item txt="" tag="coordinates " dx="0" dy="0" type="0"/>
<item txt="" tag="coordsys " dx="0" dy="0" type="0"/>
<item txt="" tag="copy " dx="0" dy="0" type="0"/>
<item txt="" tag="copyPairOrTriple " dx="0" dy="0" type="0"/>
<item txt="" tag="cos " dx="0" dy="0" type="0"/>
<item txt="" tag="cosh " dx="0" dy="0" type="0"/>
<item txt="" tag="cot " dx="0" dy="0" type="0"/>
<item txt="" tag="countIntersections " dx="0" dy="0" type="0"/>
<item txt="" tag="cputime " dx="0" dy="0" type="0"/>
<item txt="" tag="crop " dx="0" dy="0" type="0"/>
<item txt="" tag="cropcode " dx="0" dy="0" type="0"/>
<item txt="" tag="cross " dx="0" dy="0" type="0"/>
<item txt="" tag="crossframe " dx="0" dy="0" type="0"/>
<item txt="" tag="crosshatch " dx="0" dy="0" type="0"/>
<item txt="" tag="crossmarksize " dx="0" dy="0" type="0"/>
<item txt="" tag="csc " dx="0" dy="0" type="0"/>
<item txt="" tag="cubicroots " dx="0" dy="0" type="0"/>
<item txt="" tag="curabscissa " dx="0" dy="0" type="0"/>
<item txt="" tag="curlSpecifier " dx="0" dy="0" type="0"/>
<item txt="" tag="curpoint " dx="0" dy="0" type="0"/>
<item txt="" tag="currentarrow " dx="0" dy="0" type="0"/>
<item txt="" tag="currentexitfunction " dx="0" dy="0" type="0"/>
<item txt="" tag="currentmomarrow " dx="0" dy="0" type="0"/>
<item txt="" tag="currentpolarconicroutine " dx="0" dy="0" type="0"/>
<item txt="" tag="curve " dx="0" dy="0" type="0"/>
<item txt="" tag="cut " dx="0" dy="0" type="0"/>
<item txt="" tag="cutafter " dx="0" dy="0" type="0"/>
<item txt="" tag="cutbefore " dx="0" dy="0" type="0"/>
<item txt="" tag="cyclic " dx="0" dy="0" type="0"/>
<item txt="" tag="cylinder " dx="0" dy="0" type="0"/>
<item txt="" tag="deactivatequote " dx="0" dy="0" type="0"/>
<item txt="" tag="debugger " dx="0" dy="0" type="0"/>
<item txt="" tag="deconstruct " dx="0" dy="0" type="0"/>
<item txt="" tag="defaultdir " dx="0" dy="0" type="0"/>
<item txt="" tag="defaultformat " dx="0" dy="0" type="0"/>
<item txt="" tag="defaultpen " dx="0" dy="0" type="0"/>
<item txt="" tag="defined " dx="0" dy="0" type="0"/>
<item txt="" tag="degenerate " dx="0" dy="0" type="0"/>
<item txt="" tag="degrees " dx="0" dy="0" type="0"/>
<item txt="" tag="delete " dx="0" dy="0" type="0"/>
<item txt="" tag="deletepreamble " dx="0" dy="0" type="0"/>
<item txt="" tag="determinant " dx="0" dy="0" type="0"/>
<item txt="" tag="diagonal " dx="0" dy="0" type="0"/>
<item txt="" tag="diamond " dx="0" dy="0" type="0"/>
<item txt="" tag="diffdiv " dx="0" dy="0" type="0"/>
<item txt="" tag="dir " dx="0" dy="0" type="0"/>
<item txt="" tag="dirSpecifier " dx="0" dy="0" type="0"/>
<item txt="" tag="dirtime " dx="0" dy="0" type="0"/>
<item txt="" tag="display " dx="0" dy="0" type="0"/>
<item txt="" tag="distance " dx="0" dy="0" type="0"/>
<item txt="" tag="divisors " dx="0" dy="0" type="0"/>
<item txt="" tag="do_overpaint " dx="0" dy="0" type="0"/>
<item txt="" tag="dot " dx="0" dy="0" type="0"/>
<item txt="" tag="dotframe " dx="0" dy="0" type="0"/>
<item txt="" tag="dotsize " dx="0" dy="0" type="0"/>
<item txt="" tag="downcase " dx="0" dy="0" type="0"/>
<item txt="" tag="draw " dx="0" dy="0" type="0"/>
<item txt="" tag="drawAll " dx="0" dy="0" type="0"/>
<item txt="" tag="drawDoubleLine " dx="0" dy="0" type="0"/>
<item txt="" tag="drawFermion " dx="0" dy="0" type="0"/>
<item txt="" tag="drawGhost " dx="0" dy="0" type="0"/>
<item txt="" tag="drawGluon " dx="0" dy="0" type="0"/>
<item txt="" tag="drawMomArrow " dx="0" dy="0" type="0"/>
<item txt="" tag="drawPRCcylinder " dx="0" dy="0" type="0"/>
<item txt="" tag="drawPRCdisk " dx="0" dy="0" type="0"/>
<item txt="" tag="drawPRCsphere " dx="0" dy="0" type="0"/>
<item txt="" tag="drawPRCtube " dx="0" dy="0" type="0"/>
<item txt="" tag="drawPhoton " dx="0" dy="0" type="0"/>
<item txt="" tag="drawScalar " dx="0" dy="0" type="0"/>
<item txt="" tag="drawVertex " dx="0" dy="0" type="0"/>
<item txt="" tag="drawVertexBox " dx="0" dy="0" type="0"/>
<item txt="" tag="drawVertexBoxO " dx="0" dy="0" type="0"/>
<item txt="" tag="drawVertexBoxX " dx="0" dy="0" type="0"/>
<item txt="" tag="drawVertexO " dx="0" dy="0" type="0"/>
<item txt="" tag="drawVertexOX " dx="0" dy="0" type="0"/>
<item txt="" tag="drawVertexTriangle " dx="0" dy="0" type="0"/>
<item txt="" tag="drawVertexTriangleO " dx="0" dy="0" type="0"/>
<item txt="" tag="drawVertexX " dx="0" dy="0" type="0"/>
<item txt="" tag="drawarrow " dx="0" dy="0" type="0"/>
<item txt="" tag="drawarrow2 " dx="0" dy="0" type="0"/>
<item txt="" tag="drawline " dx="0" dy="0" type="0"/>
<item txt="" tag="drawpixel " dx="0" dy="0" type="0"/>
<item txt="" tag="drawtick " dx="0" dy="0" type="0"/>
<item txt="" tag="duplicate " dx="0" dy="0" type="0"/>
<item txt="" tag="elle " dx="0" dy="0" type="0"/>
<item txt="" tag="ellipse " dx="0" dy="0" type="0"/>
<item txt="" tag="ellipsenodesnumber " dx="0" dy="0" type="0"/>
<item txt="" tag="embed " dx="0" dy="0" type="0"/>
<item txt="" tag="embed3 " dx="0" dy="0" type="0"/>
<item txt="" tag="empty " dx="0" dy="0" type="0"/>
<item txt="" tag="enclose " dx="0" dy="0" type="0"/>
<item txt="" tag="end " dx="0" dy="0" type="0"/>
<item txt="" tag="endScript " dx="0" dy="0" type="0"/>
<item txt="" tag="endclip " dx="0" dy="0" type="0"/>
<item txt="" tag="endgroup " dx="0" dy="0" type="0"/>
<item txt="" tag="endgroup3 " dx="0" dy="0" type="0"/>
<item txt="" tag="endl " dx="0" dy="0" type="0"/>
<item txt="" tag="endpoint " dx="0" dy="0" type="0"/>
<item txt="" tag="endpoints " dx="0" dy="0" type="0"/>
<item txt="" tag="eof " dx="0" dy="0" type="0"/>
<item txt="" tag="eol " dx="0" dy="0" type="0"/>
<item txt="" tag="equation " dx="0" dy="0" type="0"/>
<item txt="" tag="equations " dx="0" dy="0" type="0"/>
<item txt="" tag="erase " dx="0" dy="0" type="0"/>
<item txt="" tag="erasestep " dx="0" dy="0" type="0"/>
<item txt="" tag="erf " dx="0" dy="0" type="0"/>
<item txt="" tag="erfc " dx="0" dy="0" type="0"/>
<item txt="" tag="error " dx="0" dy="0" type="0"/>
<item txt="" tag="errorbar " dx="0" dy="0" type="0"/>
<item txt="" tag="errorbars " dx="0" dy="0" type="0"/>
<item txt="" tag="eval " dx="0" dy="0" type="0"/>
<item txt="" tag="excenter " dx="0" dy="0" type="0"/>
<item txt="" tag="excircle " dx="0" dy="0" type="0"/>
<item txt="" tag="exit " dx="0" dy="0" type="0"/>
<item txt="" tag="exitXasyMode " dx="0" dy="0" type="0"/>
<item txt="" tag="exitfunction " dx="0" dy="0" type="0"/>
<item txt="" tag="exp " dx="0" dy="0" type="0"/>
<item txt="" tag="expfactors " dx="0" dy="0" type="0"/>
<item txt="" tag="expi " dx="0" dy="0" type="0"/>
<item txt="" tag="expm1 " dx="0" dy="0" type="0"/>
<item txt="" tag="exradius " dx="0" dy="0" type="0"/>
<item txt="" tag="extend " dx="0" dy="0" type="0"/>
<item txt="" tag="extension " dx="0" dy="0" type="0"/>
<item txt="" tag="extouch " dx="0" dy="0" type="0"/>
<item txt="" tag="fabs " dx="0" dy="0" type="0"/>
<item txt="" tag="factorial " dx="0" dy="0" type="0"/>
<item txt="" tag="fermat " dx="0" dy="0" type="0"/>
<item txt="" tag="fft " dx="0" dy="0" type="0"/>
<item txt="" tag="fhorner " dx="0" dy="0" type="0"/>
<item txt="" tag="figure " dx="0" dy="0" type="0"/>
<item txt="" tag="file " dx="0" dy="0" type="0"/>
<item txt="" tag="filecode " dx="0" dy="0" type="0"/>
<item txt="" tag="fill " dx="0" dy="0" type="0"/>
<item txt="" tag="filldraw " dx="0" dy="0" type="0"/>
<item txt="" tag="filloutside " dx="0" dy="0" type="0"/>
<item txt="" tag="fillrule " dx="0" dy="0" type="0"/>
<item txt="" tag="filltype " dx="0" dy="0" type="0"/>
<item txt="" tag="find " dx="0" dy="0" type="0"/>
<item txt="" tag="finite " dx="0" dy="0" type="0"/>
<item txt="" tag="finiteDifferenceJacobian " dx="0" dy="0" type="0"/>
<item txt="" tag="firstcut " dx="0" dy="0" type="0"/>
<item txt="" tag="firstframe " dx="0" dy="0" type="0"/>
<item txt="" tag="fit " dx="0" dy="0" type="0"/>
<item txt="" tag="fit2 " dx="0" dy="0" type="0"/>
<item txt="" tag="fixedscaling " dx="0" dy="0" type="0"/>
<item txt="" tag="floor " dx="0" dy="0" type="0"/>
<item txt="" tag="flush " dx="0" dy="0" type="0"/>
<item txt="" tag="fmdefaults " dx="0" dy="0" type="0"/>
<item txt="" tag="fmod " dx="0" dy="0" type="0"/>
<item txt="" tag="focusToCenter " dx="0" dy="0" type="0"/>
<item txt="" tag="font " dx="0" dy="0" type="0"/>
<item txt="" tag="fontcommand " dx="0" dy="0" type="0"/>
<item txt="" tag="fontsize " dx="0" dy="0" type="0"/>
<item txt="" tag="foot " dx="0" dy="0" type="0"/>
<item txt="" tag="format " dx="0" dy="0" type="0"/>
<item txt="" tag="frac " dx="0" dy="0" type="0"/>
<item txt="" tag="frequency " dx="0" dy="0" type="0"/>
<item txt="" tag="fromCenter " dx="0" dy="0" type="0"/>
<item txt="" tag="fromFocus " dx="0" dy="0" type="0"/>
<item txt="" tag="fspline " dx="0" dy="0" type="0"/>
<item txt="" tag="functionshade " dx="0" dy="0" type="0"/>
<item txt="" tag="gamma " dx="0" dy="0" type="0"/>
<item txt="" tag="generate_random_backtrace " dx="0" dy="0" type="0"/>
<item txt="" tag="generateticks " dx="0" dy="0" type="0"/>
<item txt="" tag="gergonne " dx="0" dy="0" type="0"/>
<item txt="" tag="getc " dx="0" dy="0" type="0"/>
<item txt="" tag="getint " dx="0" dy="0" type="0"/>
<item txt="" tag="getpair " dx="0" dy="0" type="0"/>
<item txt="" tag="getreal " dx="0" dy="0" type="0"/>
<item txt="" tag="getstring " dx="0" dy="0" type="0"/>
<item txt="" tag="gettriple " dx="0" dy="0" type="0"/>
<item txt="" tag="gluon " dx="0" dy="0" type="0"/>
<item txt="" tag="gouraudshade " dx="0" dy="0" type="0"/>
<item txt="" tag="graph " dx="0" dy="0" type="0"/>
<item txt="" tag="graphic " dx="0" dy="0" type="0"/>
<item txt="" tag="gray " dx="0" dy="0" type="0"/>
<item txt="" tag="grestore " dx="0" dy="0" type="0"/>
<item txt="" tag="grid " dx="0" dy="0" type="0"/>
<item txt="" tag="grid3 " dx="0" dy="0" type="0"/>
<item txt="" tag="gsave " dx="0" dy="0" type="0"/>
<item txt="" tag="halfbox " dx="0" dy="0" type="0"/>
<item txt="" tag="hatch " dx="0" dy="0" type="0"/>
<item txt="" tag="hdiffdiv " dx="0" dy="0" type="0"/>
<item txt="" tag="hermite " dx="0" dy="0" type="0"/>
<item txt="" tag="hex " dx="0" dy="0" type="0"/>
<item txt="" tag="histogram " dx="0" dy="0" type="0"/>
<item txt="" tag="history " dx="0" dy="0" type="0"/>
<item txt="" tag="hline " dx="0" dy="0" type="0"/>
<item txt="" tag="hprojection " dx="0" dy="0" type="0"/>
<item txt="" tag="hsv " dx="0" dy="0" type="0"/>
<item txt="" tag="hyperbola " dx="0" dy="0" type="0"/>
<item txt="" tag="hyperbolanodesnumber " dx="0" dy="0" type="0"/>
<item txt="" tag="hyperlink " dx="0" dy="0" type="0"/>
<item txt="" tag="hypot " dx="0" dy="0" type="0"/>
<item txt="" tag="identity " dx="0" dy="0" type="0"/>
<item txt="" tag="image " dx="0" dy="0" type="0"/>
<item txt="" tag="incenter " dx="0" dy="0" type="0"/>
<item txt="" tag="incentral " dx="0" dy="0" type="0"/>
<item txt="" tag="incircle " dx="0" dy="0" type="0"/>
<item txt="" tag="increasing " dx="0" dy="0" type="0"/>
<item txt="" tag="incrementposition " dx="0" dy="0" type="0"/>
<item txt="" tag="indexedTransform " dx="0" dy="0" type="0"/>
<item txt="" tag="indexedfigure " dx="0" dy="0" type="0"/>
<item txt="" tag="initXasyMode " dx="0" dy="0" type="0"/>
<item txt="" tag="initdefaults " dx="0" dy="0" type="0"/>
<item txt="" tag="input " dx="0" dy="0" type="0"/>
<item txt="" tag="inradius " dx="0" dy="0" type="0"/>
<item txt="" tag="insert " dx="0" dy="0" type="0"/>
<item txt="" tag="inside " dx="0" dy="0" type="0"/>
<item txt="" tag="integrate " dx="0" dy="0" type="0"/>
<item txt="" tag="interactive " dx="0" dy="0" type="0"/>
<item txt="" tag="interior " dx="0" dy="0" type="0"/>
<item txt="" tag="interp " dx="0" dy="0" type="0"/>
<item txt="" tag="interpolate " dx="0" dy="0" type="0"/>
<item txt="" tag="intersect " dx="0" dy="0" type="0"/>
<item txt="" tag="intersection " dx="0" dy="0" type="0"/>
<item txt="" tag="intersectionpoint " dx="0" dy="0" type="0"/>
<item txt="" tag="intersectionpoints " dx="0" dy="0" type="0"/>
<item txt="" tag="intersections " dx="0" dy="0" type="0"/>
<item txt="" tag="intouch " dx="0" dy="0" type="0"/>
<item txt="" tag="inverse " dx="0" dy="0" type="0"/>
<item txt="" tag="inversion " dx="0" dy="0" type="0"/>
<item txt="" tag="invisible " dx="0" dy="0" type="0"/>
<item txt="" tag="is3D " dx="0" dy="0" type="0"/>
<item txt="" tag="isCCW " dx="0" dy="0" type="0"/>
<item txt="" tag="isDuplicate " dx="0" dy="0" type="0"/>
<item txt="" tag="isogonal " dx="0" dy="0" type="0"/>
<item txt="" tag="isogonalconjugate " dx="0" dy="0" type="0"/>
<item txt="" tag="isotomic " dx="0" dy="0" type="0"/>
<item txt="" tag="isotomicconjugate " dx="0" dy="0" type="0"/>
<item txt="" tag="isparabola " dx="0" dy="0" type="0"/>
<item txt="" tag="italic " dx="0" dy="0" type="0"/>
<item txt="" tag="item " dx="0" dy="0" type="0"/>
<item txt="" tag="jobname " dx="0" dy="0" type="0"/>
<item txt="" tag="key " dx="0" dy="0" type="0"/>
<item txt="" tag="kurtosis " dx="0" dy="0" type="0"/>
<item txt="" tag="kurtosisexcess " dx="0" dy="0" type="0"/>
<item txt="" tag="label " dx="0" dy="0" type="0"/>
<item txt="" tag="labelaxis " dx="0" dy="0" type="0"/>
<item txt="" tag="labelmargin " dx="0" dy="0" type="0"/>
<item txt="" tag="labelpath " dx="0" dy="0" type="0"/>
<item txt="" tag="labels " dx="0" dy="0" type="0"/>
<item txt="" tag="labeltick " dx="0" dy="0" type="0"/>
<item txt="" tag="labelx " dx="0" dy="0" type="0"/>
<item txt="" tag="labelx3 " dx="0" dy="0" type="0"/>
<item txt="" tag="labely " dx="0" dy="0" type="0"/>
<item txt="" tag="labely3 " dx="0" dy="0" type="0"/>
<item txt="" tag="labelz " dx="0" dy="0" type="0"/>
<item txt="" tag="labelz3 " dx="0" dy="0" type="0"/>
<item txt="" tag="lastcut " dx="0" dy="0" type="0"/>
<item txt="" tag="latex " dx="0" dy="0" type="0"/>
<item txt="" tag="latitude " dx="0" dy="0" type="0"/>
<item txt="" tag="latticeshade " dx="0" dy="0" type="0"/>
<item txt="" tag="layer " dx="0" dy="0" type="0"/>
<item txt="" tag="layout " dx="0" dy="0" type="0"/>
<item txt="" tag="ldexp " dx="0" dy="0" type="0"/>
<item txt="" tag="leastsquares " dx="0" dy="0" type="0"/>
<item txt="" tag="legend " dx="0" dy="0" type="0"/>
<item txt="" tag="legenditem " dx="0" dy="0" type="0"/>
<item txt="" tag="length " dx="0" dy="0" type="0"/>
<item txt="" tag="lexorder " dx="0" dy="0" type="0"/>
<item txt="" tag="lift " dx="0" dy="0" type="0"/>
<item txt="" tag="light " dx="0" dy="0" type="0"/>
<item txt="" tag="limits " dx="0" dy="0" type="0"/>
<item txt="" tag="line " dx="0" dy="0" type="0"/>
<item txt="" tag="linear " dx="0" dy="0" type="0"/>
<item txt="" tag="linecap " dx="0" dy="0" type="0"/>
<item txt="" tag="lineinversion " dx="0" dy="0" type="0"/>
<item txt="" tag="linejoin " dx="0" dy="0" type="0"/>
<item txt="" tag="linemargin " dx="0" dy="0" type="0"/>
<item txt="" tag="lineskip " dx="0" dy="0" type="0"/>
<item txt="" tag="linetype " dx="0" dy="0" type="0"/>
<item txt="" tag="linewidth " dx="0" dy="0" type="0"/>
<item txt="" tag="link " dx="0" dy="0" type="0"/>
<item txt="" tag="list " dx="0" dy="0" type="0"/>
<item txt="" tag="lm_enorm " dx="0" dy="0" type="0"/>
<item txt="" tag="lm_evaluate_default " dx="0" dy="0" type="0"/>
<item txt="" tag="lm_lmdif " dx="0" dy="0" type="0"/>
<item txt="" tag="lm_lmpar " dx="0" dy="0" type="0"/>
<item txt="" tag="lm_minimize " dx="0" dy="0" type="0"/>
<item txt="" tag="lm_print_default " dx="0" dy="0" type="0"/>
<item txt="" tag="lm_print_quiet " dx="0" dy="0" type="0"/>
<item txt="" tag="lm_qrfac " dx="0" dy="0" type="0"/>
<item txt="" tag="lm_qrsolv " dx="0" dy="0" type="0"/>
<item txt="" tag="locale " dx="0" dy="0" type="0"/>
<item txt="" tag="locate " dx="0" dy="0" type="0"/>
<item txt="" tag="locatefile " dx="0" dy="0" type="0"/>
<item txt="" tag="location " dx="0" dy="0" type="0"/>
<item txt="" tag="log " dx="0" dy="0" type="0"/>
<item txt="" tag="log10 " dx="0" dy="0" type="0"/>
<item txt="" tag="log1p " dx="0" dy="0" type="0"/>
<item txt="" tag="logaxiscoverage " dx="0" dy="0" type="0"/>
<item txt="" tag="longitude " dx="0" dy="0" type="0"/>
<item txt="" tag="lookup " dx="0" dy="0" type="0"/>
<item txt="" tag="makeNode " dx="0" dy="0" type="0"/>
<item txt="" tag="makedraw " dx="0" dy="0" type="0"/>
<item txt="" tag="makepen " dx="0" dy="0" type="0"/>
<item txt="" tag="map " dx="0" dy="0" type="0"/>
<item txt="" tag="margin " dx="0" dy="0" type="0"/>
<item txt="" tag="markangle " dx="0" dy="0" type="0"/>
<item txt="" tag="markangleradius " dx="0" dy="0" type="0"/>
<item txt="" tag="markanglespace " dx="0" dy="0" type="0"/>
<item txt="" tag="markarc " dx="0" dy="0" type="0"/>
<item txt="" tag="marker " dx="0" dy="0" type="0"/>
<item txt="" tag="markinterval " dx="0" dy="0" type="0"/>
<item txt="" tag="marknodes " dx="0" dy="0" type="0"/>
<item txt="" tag="markrightangle " dx="0" dy="0" type="0"/>
<item txt="" tag="markuniform " dx="0" dy="0" type="0"/>
<item txt="" tag="mass " dx="0" dy="0" type="0"/>
<item txt="" tag="masscenter " dx="0" dy="0" type="0"/>
<item txt="" tag="massformat " dx="0" dy="0" type="0"/>
<item txt="" tag="math " dx="0" dy="0" type="0"/>
<item txt="" tag="max " dx="0" dy="0" type="0"/>
<item txt="" tag="max3 " dx="0" dy="0" type="0"/>
<item txt="" tag="maxAfterTransform " dx="0" dy="0" type="0"/>
<item txt="" tag="maxbezier " dx="0" dy="0" type="0"/>
<item txt="" tag="maxbound " dx="0" dy="0" type="0"/>
<item txt="" tag="maxcoords " dx="0" dy="0" type="0"/>
<item txt="" tag="maxlength " dx="0" dy="0" type="0"/>
<item txt="" tag="maxratio " dx="0" dy="0" type="0"/>
<item txt="" tag="maxtimes " dx="0" dy="0" type="0"/>
<item txt="" tag="mean " dx="0" dy="0" type="0"/>
<item txt="" tag="medial " dx="0" dy="0" type="0"/>
<item txt="" tag="median " dx="0" dy="0" type="0"/>
<item txt="" tag="midpoint " dx="0" dy="0" type="0"/>
<item txt="" tag="min " dx="0" dy="0" type="0"/>
<item txt="" tag="min3 " dx="0" dy="0" type="0"/>
<item txt="" tag="minAfterTransform " dx="0" dy="0" type="0"/>
<item txt="" tag="minbezier " dx="0" dy="0" type="0"/>
<item txt="" tag="minbound " dx="0" dy="0" type="0"/>
<item txt="" tag="minipage " dx="0" dy="0" type="0"/>
<item txt="" tag="minratio " dx="0" dy="0" type="0"/>
<item txt="" tag="mintimes " dx="0" dy="0" type="0"/>
<item txt="" tag="miterlimit " dx="0" dy="0" type="0"/>
<item txt="" tag="mktemp " dx="0" dy="0" type="0"/>
<item txt="" tag="momArrowPath " dx="0" dy="0" type="0"/>
<item txt="" tag="momarrowsize " dx="0" dy="0" type="0"/>
<item txt="" tag="monotonic " dx="0" dy="0" type="0"/>
<item txt="" tag="multifigure " dx="0" dy="0" type="0"/>
<item txt="" tag="nativeformat " dx="0" dy="0" type="0"/>
<item txt="" tag="natural " dx="0" dy="0" type="0"/>
<item txt="" tag="needshipout " dx="0" dy="0" type="0"/>
<item txt="" tag="newl " dx="0" dy="0" type="0"/>
<item txt="" tag="newpage " dx="0" dy="0" type="0"/>
<item txt="" tag="newslide " dx="0" dy="0" type="0"/>
<item txt="" tag="newton " dx="0" dy="0" type="0"/>
<item txt="" tag="newtree " dx="0" dy="0" type="0"/>
<item txt="" tag="nextframe " dx="0" dy="0" type="0"/>
<item txt="" tag="nextnormal " dx="0" dy="0" type="0"/>
<item txt="" tag="nextpage " dx="0" dy="0" type="0"/>
<item txt="" tag="nib " dx="0" dy="0" type="0"/>
<item txt="" tag="nodabscissa " dx="0" dy="0" type="0"/>
<item txt="" tag="none " dx="0" dy="0" type="0"/>
<item txt="" tag="norm " dx="0" dy="0" type="0"/>
<item txt="" tag="normalvideo " dx="0" dy="0" type="0"/>
<item txt="" tag="notaknot " dx="0" dy="0" type="0"/>
<item txt="" tag="nowarn " dx="0" dy="0" type="0"/>
<item txt="" tag="numberpage " dx="0" dy="0" type="0"/>
<item txt="" tag="nurb " dx="0" dy="0" type="0"/>
<item txt="" tag="object " dx="0" dy="0" type="0"/>
<item txt="" tag="offset " dx="0" dy="0" type="0"/>
<item txt="" tag="onpath " dx="0" dy="0" type="0"/>
<item txt="" tag="opacity " dx="0" dy="0" type="0"/>
<item txt="" tag="opposite " dx="0" dy="0" type="0"/>
<item txt="" tag="orientation " dx="0" dy="0" type="0"/>
<item txt="" tag="origin " dx="0" dy="0" type="0"/>
<item txt="" tag="orthic " dx="0" dy="0" type="0"/>
<item txt="" tag="orthocentercenter " dx="0" dy="0" type="0"/>
<item txt="" tag="outformat " dx="0" dy="0" type="0"/>
<item txt="" tag="outline " dx="0" dy="0" type="0"/>
<item txt="" tag="outname " dx="0" dy="0" type="0"/>
<item txt="" tag="outprefix " dx="0" dy="0" type="0"/>
<item txt="" tag="output " dx="0" dy="0" type="0"/>
<item txt="" tag="overloadedMessage " dx="0" dy="0" type="0"/>
<item txt="" tag="overwrite " dx="0" dy="0" type="0"/>
<item txt="" tag="pack " dx="0" dy="0" type="0"/>
<item txt="" tag="pad " dx="0" dy="0" type="0"/>
<item txt="" tag="pairs " dx="0" dy="0" type="0"/>
<item txt="" tag="palette " dx="0" dy="0" type="0"/>
<item txt="" tag="parabola " dx="0" dy="0" type="0"/>
<item txt="" tag="parabolanodesnumber " dx="0" dy="0" type="0"/>
<item txt="" tag="parallel " dx="0" dy="0" type="0"/>
<item txt="" tag="parallelogram " dx="0" dy="0" type="0"/>
<item txt="" tag="partialsum " dx="0" dy="0" type="0"/>
<item txt="" tag="path " dx="0" dy="0" type="0"/>
<item txt="" tag="path3 " dx="0" dy="0" type="0"/>
<item txt="" tag="pattern " dx="0" dy="0" type="0"/>
<item txt="" tag="pause " dx="0" dy="0" type="0"/>
<item txt="" tag="pdf " dx="0" dy="0" type="0"/>
<item txt="" tag="pedal " dx="0" dy="0" type="0"/>
<item txt="" tag="periodic " dx="0" dy="0" type="0"/>
<item txt="" tag="perp " dx="0" dy="0" type="0"/>
<item txt="" tag="perpendicular " dx="0" dy="0" type="0"/>
<item txt="" tag="perpendicularmark " dx="0" dy="0" type="0"/>
<item txt="" tag="phantom " dx="0" dy="0" type="0"/>
<item txt="" tag="phi1 " dx="0" dy="0" type="0"/>
<item txt="" tag="phi2 " dx="0" dy="0" type="0"/>
<item txt="" tag="phi3 " dx="0" dy="0" type="0"/>
<item txt="" tag="photon " dx="0" dy="0" type="0"/>
<item txt="" tag="piecewisestraight " dx="0" dy="0" type="0"/>
<item txt="" tag="point " dx="0" dy="0" type="0"/>
<item txt="" tag="polar " dx="0" dy="0" type="0"/>
<item txt="" tag="polarconicroutine " dx="0" dy="0" type="0"/>
<item txt="" tag="polargraph " dx="0" dy="0" type="0"/>
<item txt="" tag="polygon " dx="0" dy="0" type="0"/>
<item txt="" tag="postcontrol " dx="0" dy="0" type="0"/>
<item txt="" tag="postscript " dx="0" dy="0" type="0"/>
<item txt="" tag="pow10 " dx="0" dy="0" type="0"/>
<item txt="" tag="ppoint " dx="0" dy="0" type="0"/>
<item txt="" tag="prc " dx="0" dy="0" type="0"/>
<item txt="" tag="prc0 " dx="0" dy="0" type="0"/>
<item txt="" tag="precision " dx="0" dy="0" type="0"/>
<item txt="" tag="precontrol " dx="0" dy="0" type="0"/>
<item txt="" tag="prepend " dx="0" dy="0" type="0"/>
<item txt="" tag="printBytecode " dx="0" dy="0" type="0"/>
<item txt="" tag="print_random_addresses " dx="0" dy="0" type="0"/>
<item txt="" tag="project " dx="0" dy="0" type="0"/>
<item txt="" tag="projection " dx="0" dy="0" type="0"/>
<item txt="" tag="purge " dx="0" dy="0" type="0"/>
<item txt="" tag="pwhermite " dx="0" dy="0" type="0"/>
<item txt="" tag="quadrant " dx="0" dy="0" type="0"/>
<item txt="" tag="quadraticroots " dx="0" dy="0" type="0"/>
<item txt="" tag="quantize " dx="0" dy="0" type="0"/>
<item txt="" tag="quarticroots " dx="0" dy="0" type="0"/>
<item txt="" tag="quotient " dx="0" dy="0" type="0"/>
<item txt="" tag="radialshade " dx="0" dy="0" type="0"/>
<item txt="" tag="radians " dx="0" dy="0" type="0"/>
<item txt="" tag="radicalcenter " dx="0" dy="0" type="0"/>
<item txt="" tag="radicalline " dx="0" dy="0" type="0"/>
<item txt="" tag="radius " dx="0" dy="0" type="0"/>
<item txt="" tag="rand " dx="0" dy="0" type="0"/>
<item txt="" tag="randompath " dx="0" dy="0" type="0"/>
<item txt="" tag="rd " dx="0" dy="0" type="0"/>
<item txt="" tag="readline " dx="0" dy="0" type="0"/>
<item txt="" tag="realmult " dx="0" dy="0" type="0"/>
<item txt="" tag="realquarticroots " dx="0" dy="0" type="0"/>
<item txt="" tag="rectangle " dx="0" dy="0" type="0"/>
<item txt="" tag="rectangular " dx="0" dy="0" type="0"/>
<item txt="" tag="rectify " dx="0" dy="0" type="0"/>
<item txt="" tag="reflect " dx="0" dy="0" type="0"/>
<item txt="" tag="relabscissa " dx="0" dy="0" type="0"/>
<item txt="" tag="relative " dx="0" dy="0" type="0"/>
<item txt="" tag="relativedistance " dx="0" dy="0" type="0"/>
<item txt="" tag="reldir " dx="0" dy="0" type="0"/>
<item txt="" tag="relpoint " dx="0" dy="0" type="0"/>
<item txt="" tag="reltime " dx="0" dy="0" type="0"/>
<item txt="" tag="remainder " dx="0" dy="0" type="0"/>
<item txt="" tag="remark " dx="0" dy="0" type="0"/>
<item txt="" tag="removeDuplicates " dx="0" dy="0" type="0"/>
<item txt="" tag="rename " dx="0" dy="0" type="0"/>
<item txt="" tag="replace " dx="0" dy="0" type="0"/>
<item txt="" tag="report " dx="0" dy="0" type="0"/>
<item txt="" tag="resetdefaultpen " dx="0" dy="0" type="0"/>
<item txt="" tag="restore " dx="0" dy="0" type="0"/>
<item txt="" tag="restoredefaults " dx="0" dy="0" type="0"/>
<item txt="" tag="reverse " dx="0" dy="0" type="0"/>
<item txt="" tag="reversevideo " dx="0" dy="0" type="0"/>
<item txt="" tag="rf " dx="0" dy="0" type="0"/>
<item txt="" tag="rfind " dx="0" dy="0" type="0"/>
<item txt="" tag="rgb " dx="0" dy="0" type="0"/>
<item txt="" tag="rgba " dx="0" dy="0" type="0"/>
<item txt="" tag="rgbint " dx="0" dy="0" type="0"/>
<item txt="" tag="rms " dx="0" dy="0" type="0"/>
<item txt="" tag="rotate " dx="0" dy="0" type="0"/>
<item txt="" tag="rotateO " dx="0" dy="0" type="0"/>
<item txt="" tag="rotation " dx="0" dy="0" type="0"/>
<item txt="" tag="round " dx="0" dy="0" type="0"/>
<item txt="" tag="roundbox " dx="0" dy="0" type="0"/>
<item txt="" tag="roundedpath " dx="0" dy="0" type="0"/>
<item txt="" tag="roundrectangle " dx="0" dy="0" type="0"/>
<item txt="" tag="same " dx="0" dy="0" type="0"/>
<item txt="" tag="samecoordsys " dx="0" dy="0" type="0"/>
<item txt="" tag="sameside " dx="0" dy="0" type="0"/>
<item txt="" tag="sample " dx="0" dy="0" type="0"/>
<item txt="" tag="save " dx="0" dy="0" type="0"/>
<item txt="" tag="savedefaults " dx="0" dy="0" type="0"/>
<item txt="" tag="saveline " dx="0" dy="0" type="0"/>
<item txt="" tag="scale " dx="0" dy="0" type="0"/>
<item txt="" tag="scale3 " dx="0" dy="0" type="0"/>
<item txt="" tag="scaleO " dx="0" dy="0" type="0"/>
<item txt="" tag="scaleT " dx="0" dy="0" type="0"/>
<item txt="" tag="scaleless " dx="0" dy="0" type="0"/>
<item txt="" tag="scientific " dx="0" dy="0" type="0"/>
<item txt="" tag="search " dx="0" dy="0" type="0"/>
<item txt="" tag="searchindex " dx="0" dy="0" type="0"/>
<item txt="" tag="searchtree " dx="0" dy="0" type="0"/>
<item txt="" tag="sec " dx="0" dy="0" type="0"/>
<item txt="" tag="secondaryX " dx="0" dy="0" type="0"/>
<item txt="" tag="secondaryY " dx="0" dy="0" type="0"/>
<item txt="" tag="seconds " dx="0" dy="0" type="0"/>
<item txt="" tag="section " dx="0" dy="0" type="0"/>
<item txt="" tag="sector " dx="0" dy="0" type="0"/>
<item txt="" tag="seek " dx="0" dy="0" type="0"/>
<item txt="" tag="seekeof " dx="0" dy="0" type="0"/>
<item txt="" tag="segment " dx="0" dy="0" type="0"/>
<item txt="" tag="sequence " dx="0" dy="0" type="0"/>
<item txt="" tag="setcontour " dx="0" dy="0" type="0"/>
<item txt="" tag="setpens " dx="0" dy="0" type="0"/>
<item txt="" tag="sgn " dx="0" dy="0" type="0"/>
<item txt="" tag="sgnd " dx="0" dy="0" type="0"/>
<item txt="" tag="sharpangle " dx="0" dy="0" type="0"/>
<item txt="" tag="sharpdegrees " dx="0" dy="0" type="0"/>
<item txt="" tag="shift " dx="0" dy="0" type="0"/>
<item txt="" tag="shiftless " dx="0" dy="0" type="0"/>
<item txt="" tag="shipout " dx="0" dy="0" type="0"/>
<item txt="" tag="shipout3 " dx="0" dy="0" type="0"/>
<item txt="" tag="show " dx="0" dy="0" type="0"/>
<item txt="" tag="side " dx="0" dy="0" type="0"/>
<item txt="" tag="simeq " dx="0" dy="0" type="0"/>
<item txt="" tag="simpson " dx="0" dy="0" type="0"/>
<item txt="" tag="sin " dx="0" dy="0" type="0"/>
<item txt="" tag="sinh " dx="0" dy="0" type="0"/>
<item txt="" tag="size " dx="0" dy="0" type="0"/>
<item txt="" tag="size3 " dx="0" dy="0" type="0"/>
<item txt="" tag="skewness " dx="0" dy="0" type="0"/>
<item txt="" tag="skip " dx="0" dy="0" type="0"/>
<item txt="" tag="slant " dx="0" dy="0" type="0"/>
<item txt="" tag="sleep " dx="0" dy="0" type="0"/>
<item txt="" tag="slope " dx="0" dy="0" type="0"/>
<item txt="" tag="slopefield " dx="0" dy="0" type="0"/>
<item txt="" tag="solve " dx="0" dy="0" type="0"/>
<item txt="" tag="solveBVP " dx="0" dy="0" type="0"/>
<item txt="" tag="sort " dx="0" dy="0" type="0"/>
<item txt="" tag="sourceline " dx="0" dy="0" type="0"/>
<item txt="" tag="sphere " dx="0" dy="0" type="0"/>
<item txt="" tag="split " dx="0" dy="0" type="0"/>
<item txt="" tag="sqrt " dx="0" dy="0" type="0"/>
<item txt="" tag="square " dx="0" dy="0" type="0"/>
<item txt="" tag="srand " dx="0" dy="0" type="0"/>
<item txt="" tag="standardizecoordsys " dx="0" dy="0" type="0"/>
<item txt="" tag="startScript " dx="0" dy="0" type="0"/>
<item txt="" tag="stdev " dx="0" dy="0" type="0"/>
<item txt="" tag="step " dx="0" dy="0" type="0"/>
<item txt="" tag="stickframe " dx="0" dy="0" type="0"/>
<item txt="" tag="stickmarksize " dx="0" dy="0" type="0"/>
<item txt="" tag="stickmarkspace " dx="0" dy="0" type="0"/>
<item txt="" tag="stop " dx="0" dy="0" type="0"/>
<item txt="" tag="straight " dx="0" dy="0" type="0"/>
<item txt="" tag="straightness " dx="0" dy="0" type="0"/>
<item txt="" tag="string " dx="0" dy="0" type="0"/>
<item txt="" tag="stripdirectory " dx="0" dy="0" type="0"/>
<item txt="" tag="stripextension " dx="0" dy="0" type="0"/>
<item txt="" tag="stripfile " dx="0" dy="0" type="0"/>
<item txt="" tag="stripsuffix " dx="0" dy="0" type="0"/>
<item txt="" tag="strokepath " dx="0" dy="0" type="0"/>
<item txt="" tag="subdivide " dx="0" dy="0" type="0"/>
<item txt="" tag="subitem " dx="0" dy="0" type="0"/>
<item txt="" tag="subpath " dx="0" dy="0" type="0"/>
<item txt="" tag="substr " dx="0" dy="0" type="0"/>
<item txt="" tag="sum " dx="0" dy="0" type="0"/>
<item txt="" tag="surface " dx="0" dy="0" type="0"/>
<item txt="" tag="symmedial " dx="0" dy="0" type="0"/>
<item txt="" tag="symmedian " dx="0" dy="0" type="0"/>
<item txt="" tag="system " dx="0" dy="0" type="0"/>
<item txt="" tag="tab " dx="0" dy="0" type="0"/>
<item txt="" tag="tableau " dx="0" dy="0" type="0"/>
<item txt="" tag="tan " dx="0" dy="0" type="0"/>
<item txt="" tag="tangent " dx="0" dy="0" type="0"/>
<item txt="" tag="tangential " dx="0" dy="0" type="0"/>
<item txt="" tag="tangents " dx="0" dy="0" type="0"/>
<item txt="" tag="tanh " dx="0" dy="0" type="0"/>
<item txt="" tag="tell " dx="0" dy="0" type="0"/>
<item txt="" tag="tensionSpecifier " dx="0" dy="0" type="0"/>
<item txt="" tag="tensorshade " dx="0" dy="0" type="0"/>
<item txt="" tag="tex " dx="0" dy="0" type="0"/>
<item txt="" tag="texcolor " dx="0" dy="0" type="0"/>
<item txt="" tag="texify " dx="0" dy="0" type="0"/>
<item txt="" tag="texpath " dx="0" dy="0" type="0"/>
<item txt="" tag="texpreamble " dx="0" dy="0" type="0"/>
<item txt="" tag="texreset " dx="0" dy="0" type="0"/>
<item txt="" tag="texshipout " dx="0" dy="0" type="0"/>
<item txt="" tag="texsize " dx="0" dy="0" type="0"/>
<item txt="" tag="textpath " dx="0" dy="0" type="0"/>
<item txt="" tag="thick " dx="0" dy="0" type="0"/>
<item txt="" tag="thin " dx="0" dy="0" type="0"/>
<item txt="" tag="tick " dx="0" dy="0" type="0"/>
<item txt="" tag="tickMax " dx="0" dy="0" type="0"/>
<item txt="" tag="tickMax3 " dx="0" dy="0" type="0"/>
<item txt="" tag="tickMin " dx="0" dy="0" type="0"/>
<item txt="" tag="tickMin3 " dx="0" dy="0" type="0"/>
<item txt="" tag="ticklabelshift " dx="0" dy="0" type="0"/>
<item txt="" tag="ticklocate " dx="0" dy="0" type="0"/>
<item txt="" tag="tildeframe " dx="0" dy="0" type="0"/>
<item txt="" tag="tildemarksize " dx="0" dy="0" type="0"/>
<item txt="" tag="tile " dx="0" dy="0" type="0"/>
<item txt="" tag="tiling " dx="0" dy="0" type="0"/>
<item txt="" tag="time " dx="0" dy="0" type="0"/>
<item txt="" tag="times " dx="0" dy="0" type="0"/>
<item txt="" tag="title " dx="0" dy="0" type="0"/>
<item txt="" tag="titlepage " dx="0" dy="0" type="0"/>
<item txt="" tag="topbox " dx="0" dy="0" type="0"/>
<item txt="" tag="transform " dx="0" dy="0" type="0"/>
<item txt="" tag="transformation " dx="0" dy="0" type="0"/>
<item txt="" tag="transpose " dx="0" dy="0" type="0"/>
<item txt="" tag="trembleFuzz " dx="0" dy="0" type="0"/>
<item txt="" tag="triangle " dx="0" dy="0" type="0"/>
<item txt="" tag="triangleAbc " dx="0" dy="0" type="0"/>
<item txt="" tag="triangleabc " dx="0" dy="0" type="0"/>
<item txt="" tag="triangulate " dx="0" dy="0" type="0"/>
<item txt="" tag="tricoef " dx="0" dy="0" type="0"/>
<item txt="" tag="tridiagonal " dx="0" dy="0" type="0"/>
<item txt="" tag="trilinear " dx="0" dy="0" type="0"/>
<item txt="" tag="trim " dx="0" dy="0" type="0"/>
<item txt="" tag="truepoint " dx="0" dy="0" type="0"/>
<item txt="" tag="tube " dx="0" dy="0" type="0"/>
<item txt="" tag="uncycle " dx="0" dy="0" type="0"/>
<item txt="" tag="unfill " dx="0" dy="0" type="0"/>
<item txt="" tag="uniform " dx="0" dy="0" type="0"/>
<item txt="" tag="unique " dx="0" dy="0" type="0"/>
<item txt="" tag="unit " dx="0" dy="0" type="0"/>
<item txt="" tag="unitrand " dx="0" dy="0" type="0"/>
<item txt="" tag="unitsize " dx="0" dy="0" type="0"/>
<item txt="" tag="unityroot " dx="0" dy="0" type="0"/>
<item txt="" tag="unstraighten " dx="0" dy="0" type="0"/>
<item txt="" tag="upcase " dx="0" dy="0" type="0"/>
<item txt="" tag="updatefunction " dx="0" dy="0" type="0"/>
<item txt="" tag="uperiodic " dx="0" dy="0" type="0"/>
<item txt="" tag="upscale " dx="0" dy="0" type="0"/>
<item txt="" tag="uptodate " dx="0" dy="0" type="0"/>
<item txt="" tag="usepackage " dx="0" dy="0" type="0"/>
<item txt="" tag="usersetting " dx="0" dy="0" type="0"/>
<item txt="" tag="usetypescript " dx="0" dy="0" type="0"/>
<item txt="" tag="usleep " dx="0" dy="0" type="0"/>
<item txt="" tag="value " dx="0" dy="0" type="0"/>
<item txt="" tag="variance " dx="0" dy="0" type="0"/>
<item txt="" tag="variancebiased " dx="0" dy="0" type="0"/>
<item txt="" tag="vbox " dx="0" dy="0" type="0"/>
<item txt="" tag="vector " dx="0" dy="0" type="0"/>
<item txt="" tag="vectorfield " dx="0" dy="0" type="0"/>
<item txt="" tag="verbatim " dx="0" dy="0" type="0"/>
<item txt="" tag="view " dx="0" dy="0" type="0"/>
<item txt="" tag="vline " dx="0" dy="0" type="0"/>
<item txt="" tag="vperiodic " dx="0" dy="0" type="0"/>
<item txt="" tag="vprojection " dx="0" dy="0" type="0"/>
<item txt="" tag="warn " dx="0" dy="0" type="0"/>
<item txt="" tag="warning " dx="0" dy="0" type="0"/>
<item txt="" tag="windingnumber " dx="0" dy="0" type="0"/>
<item txt="" tag="write " dx="0" dy="0" type="0"/>
<item txt="" tag="xaxis " dx="0" dy="0" type="0"/>
<item txt="" tag="xaxis3 " dx="0" dy="0" type="0"/>
<item txt="" tag="xaxis3At " dx="0" dy="0" type="0"/>
<item txt="" tag="xaxisAt " dx="0" dy="0" type="0"/>
<item txt="" tag="xequals " dx="0" dy="0" type="0"/>
<item txt="" tag="xinput " dx="0" dy="0" type="0"/>
<item txt="" tag="xlimits " dx="0" dy="0" type="0"/>
<item txt="" tag="xoutput " dx="0" dy="0" type="0"/>
<item txt="" tag="xpart " dx="0" dy="0" type="0"/>
<item txt="" tag="xscale " dx="0" dy="0" type="0"/>
<item txt="" tag="xscaleO " dx="0" dy="0" type="0"/>
<item txt="" tag="xtick " dx="0" dy="0" type="0"/>
<item txt="" tag="xtick3 " dx="0" dy="0" type="0"/>
<item txt="" tag="xtrans " dx="0" dy="0" type="0"/>
<item txt="" tag="yaxis " dx="0" dy="0" type="0"/>
<item txt="" tag="yaxis3 " dx="0" dy="0" type="0"/>
<item txt="" tag="yaxis3At " dx="0" dy="0" type="0"/>
<item txt="" tag="yaxisAt " dx="0" dy="0" type="0"/>
<item txt="" tag="yequals " dx="0" dy="0" type="0"/>
<item txt="" tag="ylimits " dx="0" dy="0" type="0"/>
<item txt="" tag="ypart " dx="0" dy="0" type="0"/>
<item txt="" tag="yscale " dx="0" dy="0" type="0"/>
<item txt="" tag="yscaleO " dx="0" dy="0" type="0"/>
<item txt="" tag="ytick " dx="0" dy="0" type="0"/>
<item txt="" tag="ytick3 " dx="0" dy="0" type="0"/>
<item txt="" tag="ytrans " dx="0" dy="0" type="0"/>
<item txt="" tag="zaxis3 " dx="0" dy="0" type="0"/>
<item txt="" tag="zaxis3At " dx="0" dy="0" type="0"/>
<item txt="" tag="zero " dx="0" dy="0" type="0"/>
<item txt="" tag="zero3 " dx="0" dy="0" type="0"/>
<item txt="" tag="zlimits " dx="0" dy="0" type="0"/>
<item txt="" tag="zpart " dx="0" dy="0" type="0"/>
<item txt="" tag="ztick " dx="0" dy="0" type="0"/>
<item txt="" tag="ztick3 " dx="0" dy="0" type="0"/>
<item txt="" tag="ztrans " dx="0" dy="0" type="0"/>
</section>
</texmakertags>
