<?xml version="1.0" encoding="UTF-8"?>
<texmakertags title="Tikz">
<section title="General (Tikz)">
<item txt="\\begin{tikzpicture}[options] \\end{tikzpicture}" tag="\\begin{tikzpicture}\n\n\\end{tikzpicture}" dx="0" dy="1" type="0"/>
<item txt="\\begin{scope}[options] \\end{scope}" tag="\\begin{scope}\n\n\\end{scope}" dx="0" dy="0" type="0"/>
<item txt="" tag="\\foreach  in {}" dx="0" dy="0" type="0"/>
<item txt="" tag="\\ifnum" dx="0" dy="0" type="0"/>
<item txt="" tag="\\matrix" dx="0" dy="0" type="0"/>
</section>
<section title="Draw  (Tikz)">
<item txt="" tag="\\draw ;" dx="0" dy="0" type="0"/>
<item txt="" tag="\\fill ;" dx="0" dy="0" type="0"/>
<item txt="" tag="\\filldraw[fill=, draw=] ;" dx="0" dy="0" type="0"/>
<item txt="" tag="\\pattern ;" dx="0" dy="0" type="0"/>
<item txt="" tag="\\shade ;" dx="0" dy="0" type="0"/>
<item txt="" tag="\\shadedraw ;" dx="0" dy="0" type="0"/>
<item txt="" tag="\\clip ;" dx="0" dy="0" type="0"/>
<item txt="" tag="\\path ;" dx="0" dy="0" type="0"/>
<item txt="" tag="\\coordinate () at (,);" dx="0" dy="0" type="0"/>
<item txt="" tag="\\node () at (,) {};" dx="0" dy="0" type="0"/>
<item txt="" tag="\\draw (,) -- (,);" dx="0" dy="0" type="0"/>
<item txt="" tag="\\draw (,) -- (,) -- (,) -- cycle;" dx="0" dy="0" type="0"/>
<item txt="" tag="rectangle (,)" dx="0" dy="0" type="0"/>
<item txt="" tag="circle ()" dx="0" dy="0" type="0"/>
<item txt="" tag="arc (::)" dx="0" dy="0" type="0"/>
<item txt="" tag="plot [] function {}" dx="0" dy="0" type="0"/>
</section>
<section title="Nodes  (Tikz)">
<item txt="" tag="\\node () {};" dx="0" dy="0" type="0"/>
<item txt="" tag="child" dx="0" dy="0" type="0"/>
<item txt="" tag="child {node {}} " dx="0" dy="0" type="0"/>
<item txt="" tag="\\nodepart{};" dx="0" dy="0" type="0"/>
<item txt="" tag="node distance=" dx="0" dy="0" type="0"/>
<item txt="" tag="parent anchor=" dx="0" dy="0" type="0"/>
<item txt="" tag="child anchor=" dx="0" dy="0" type="0"/>
<item txt="" tag="grow=" dx="0" dy="0" type="0"/>
<item txt="" tag="label={[]:}" dx="0" dy="0" type="0"/>
<item txt="" tag="pin={[]:}" dx="0" dy="0" type="0"/>
</section>
<section title="Arrows  (Tikz)">
<item txt="" tag="-&gt;" dx="0" dy="0" type="0"/>
<item txt="" tag="-&gt;&gt;" dx="0" dy="0" type="0"/>
<item txt="" tag="-&gt;|" dx="0" dy="0" type="0"/>
<item txt="" tag="-to" dx="0" dy="0" type="0"/>
<item txt="" tag="-latex" dx="0" dy="0" type="0"/>
<item txt="" tag="-stealth" dx="0" dy="0" type="0"/>
<item txt="" tag="&lt;-" dx="0" dy="0" type="0"/>
<item txt="" tag="&lt;&lt;-" dx="0" dy="0" type="0"/>
<item txt="" tag="|&lt;-" dx="0" dy="0" type="0"/>
<item txt="" tag="to-" dx="0" dy="0" type="0"/>
<item txt="" tag="latex-" dx="0" dy="0" type="0"/>
<item txt="" tag="stealth-" dx="0" dy="0" type="0"/>
<item txt="" tag="&lt;-&gt;" dx="0" dy="0" type="0"/>
<item txt="" tag="&lt;&lt;-&gt;&gt;" dx="0" dy="0" type="0"/>
<item txt="" tag="|&lt;-&gt;|" dx="0" dy="0" type="0"/>
<item txt="" tag="latex-latex" dx="0" dy="0" type="0"/>
<item txt="" tag="stealth-stealth" dx="0" dy="0" type="0"/>
</section>
</texmakertags>
